CPU,RAM,Price,File
Ryzen 9950X,500,â‚¬4,212674_DeluxHost.net__NEW_V_Series_NVMe_VPS__Storage_VPS_&_Ryzen_9950X_Available__From_â‚¬4yr__AMS__NED.md
EPYC Special,500,â‚¬5,212624_WINTER_SALE__15â‚¬YEAR_7950X3D_VPS__RYZENEPYCXEON_-_[GERMANY_+_Netherlands]_+_Giveaway.md
Ryzen 7950X,500,$20,209918_Layer.ae__Annual_Fest_2025__Freebies__Giveaways__Discounts!.md
Ryzen 3600,500,Unknown,213275_Gigahost.no__Dedicated_Server_New_Years_Sale.md
Ryzen 7,500,$41.30,212132_Swiftnode_-_2025_Black_Friday_Baremetal_Deals_-_Dallas_and_Chicago.md
EPYC 7532,500,$5,"206727_servaRICA_â€“_New_KVM_VPS_Launch_Chimera_Hybrid,_Slim_&_FAT_Slices_â€“_Blazing_Disk_Speed.md"
EPYC 9655P,480,â‚¬85.00,211930_Worldstream_Black_Friday_â€“_Dedicated_Servers_w_Lifetime_Deals_â€“_EPYC_9655P_&_Xeon_6741P__6761P.md
Xeon Gold,450,$5,"202214_Need_RAM,_bandwidth_or_storage_Introducing_new_plans_from_ServerPoint!.md"
Ryzen 9,400,$6,210804_New_Seattle_Node!_Tudcloud_Ryzen_9_9900X_VPS_â€”_2Gbps_In__500Mbps_Out_â€”_10%_OFF_with_SEAPRE10.md
Xeon Gold 6262,384,$150,209248_[Dedicated_Servers]_384GB_RAM_for_$150mo__192GB_RAM_for_$100mo__Others_starting_at_$60mo.md
Ryzen 9000,384,$3.50,209695_NYC_Ryzen_9000_VPS_$3.50mo__1TB_Storage_VPS_$5mo__Unmetered_BW__Credit_Boost_+_Giveaway.md
EPYCs,384,$100,"211979_GORILLASERVERS_Black_Friday_Begins_-_100TB_Storage_under_$100,_Insane_EPYCs,_Ryzen,_GPUs,_FREE_STUFF.md"
Ryzen 9000,384,$3.50,210446_NYC_Ryzen_9000_VPS_$3.50mo__1TB_Storage_VPS_$5mo__Unmetered_BW__Credit_Boost_+_Giveaway.md
Ryzen 9,384,$159,212395_iWebFusion.NetCyber_Monday_Special_-_Buy_One_Month_Get_One_Month_Free.md
Ryzen 9,384,â‚¬3.50,"168917_â˜…_KVM_VPS_â˜…_2GB_RAM,_50_GB_SSD_â‚¬3.50_â˜…_NL_â˜…_Linux_â˜….md"
Ryzen 9000,384,$3.50,210835_NYC_Ryzen_9000_&_1TB_Storage_VPS__Starting_at_$3.50mo__Unmetered_BW__FREE_CREDITS_&_GIVEAWAY.md
Ryzen 9000,384,$3.50,211345_NYC_Ryzen_9000_&_1TB_Storage_VPS_SALE__Starting_at_$3.50mo__CREDIT_BOOST_+_$1_CREDIT_GIVEAWAY.md
Ryzen 9,384,$145,212752_iWF_2025_Winter_Blowout-Support_USDTALIPAY-365247_LiveChat.md
epyc-ryzen-special-price-support-alipay-usdt,384,$159,209795_iWebFusion__USA_SIX_LOCATIONS__E3E5EPYCRYZEN__SPECIAL_PRICE__Support_Alipay_&_USDT_.md
Ryzen 9000,384,$3.50,210099_NYC_Ryzen_9000_VPS_$3.50mo__1TB_Storage_VPS_$5mo__Unmetered_BW__Credit_Boost_+_Giveaway.md
Ryzen 9,380,Unknown,207192_Kuroit__Chicago_Ryzen_9_9950X_VPS__USA_Reseller_Packs__10Gbps_Network.md
EPYC VPS,350,Unknown,"212203_BF_at_ph24_3rd_gen_EPYC_VPS_starting_at_5,99â‚¬.md"
Xeon Platinum 8268,320,Unknown,212779_Alexhost.com_-_NEW_VPS_Line_with_1Gbps_Port_Speed_in_Moldova__KVM__DDoS_Protection.md
EPYC 9334,320,Â£8,213921_[BitsFlowCloud]_Our_First_Offer!_Starting_at_Â£8.4Yr_!___USDEHK_VPS_&_China_Optimized_VPS.md
EPYC to,300,$5,211054_Hello_AMD!_Hello_IPv6!_We've_got_some_new_offers_for_you!.md
EPYC 7443P,256,$500,"213310_Full-Rack_10G_Fiber_Colo_$500m_starting!_Colos,_Dedis_and_Storage_at_Microtronix_DC_(Ohio).md"
EPYC 9534,256,$11.98,"213153_HostSailor_-_Christmas_&_New_Year_Special_40_-_85%_Lifetime_Discounts,_Double_RAM_and_Disk.md"
EPYC -,256,$62,"210328_server.net_-_New_Amsterdam_Dedicated_Server_Stock,_AMD_Ryzen,_AMD_EPYC_-_%30_Discount_for_3_Months!).md"
EPYC 7702P,256,$129,207992_Heymman_Servers_-_$129_-_EPYC_7702P_-_64_cores_-_512GB_RAM_-_1.88TB_NVMe.md
Ryzen 5,256,$39,212788_Dedispec_Dual_E5_64GB_&_480GB_SSD_-_$39_(96GB_-_$49__128GB_-_$59)__BYO_GPU_Servers__Colo_Deals.md
EPYC,256,$155,"203886_Dual_Gold_6138__40_Cores,_256GB_RAM,_10Gbps_â€”_Only_$155mo!.md"
EPYC USA,256,$12,209506_10Gbps_RyzenEPYC_USA_KVM_VPS__From_$12yr__40%_OFF__New_LET_Specials_&_DOUBLE_BW.md
Xeon Gold Processor,256,$18.99,210545_ðŸŽ‡_Happy_Diwali_2025_â€“_Cloud_VPS_Hosting_Sale_-_HostNamaste.com_ðŸŽ†.md
Ryzen 9950x,256,$3.00,207987_â˜…_NohaVPS__VPS_FROM_$3.00__Ryzen_9950x__DEDICATED_FROM_$25.95__10_Gbps_â˜….md
EPYC 4545P,256,$20,213535_[20th_Anniversary_Sale]_Get_2Gbps_Unmetered_for_$20mo_on_Popular_Dedis!_(Limited_Time).md
EPYC Milan,256,$50,210755_TierNet_-_Ryzen_&_Intel_Deals_-_First_5_orders_will_receive_additional_10%_discount.md
EPYC VPS,256,$15,213889_New_Storage_Plans!_â€¢_10Gbps_RyzenEPYC_VPS__From_$15yr__Up_to_50%_OFF__GIVEAWAY_+_DOUBLE_BONUSES.md
epyc-kvm-deals-high-storage-servers-exclusive-flash-sales,256,Unknown,"199883_AlphaVPS_-_BF2024_MEGA_THREAD!_RYZEN,_EPYC,_KVM_DEALS,_HIGH-STORAGE_SERVERS_&_EXCLUSIVE_FLASH_SALES!.md"
EPYC Milan,256,$39,211961_New_Black_Friday_deals_from_ServerPoint_on_dedicated_and_virtual_servers!.md
EPYC KVM,256,$12,208242_9950X__EPYC_KVM_VPS__25%_OFF__Up_to_10Gbps__From_$12yr__NEW_Ryzen_&_EPYC_Specials_+_DOUBLE_BW.md
EPYC 7702,256,$179,210714_Heymman_Servers_-_$179_-_Dual_EPYC_7702_-_128_cores_-_512GB_RAM.md
Epyc 4545P,256,$99,"211966_Black_Friday_Mega_Sale_on_Dedicated_Servers__Buy_1,_Get_1_Free__Free_Year_of_Metal+.md"
epyc-builder,256,$49,212006_Tier.net_-_Black_Friday_-_Take_a_look_inside!.md
Epyc 4545P,256,$99,209604_For_$99Year_Get_Discounted_Upgrades_&_More_Network_Perks_with_Metal+_Dedicated_Servers.md
EPYC 7351P,256,$271.60,207327_Nuyekâ€™s_July_4th!_â€“_EPYC_7351P_Server_128GB_RAM_for_$271.60yr_(_7551P_+_256GB_RAM_$402.98yr_).md
EPYC Rome,256,$10,213289_New_Year_&_Christmas_Sale!_â€¢_10Gbps_Ryzen_9950X_KVM_VPS__Up_to_50%_OFF__5x_GIVEAWAY_+_DOUBLE_BW.md
EPYC,256,$40,207147_PureVoltage_4th_of_July_â€“_$40_Dedicated+_VPS_&_Colo__GIVEAWAY_INSIDE.md
EPYC VPS,256,Unknown,199587_heartbeat_IT_-_Black_Friday_2024_Offers_-_2_Cores__4_GiB_RAM___50_GiB_Disk_for_42_â‚¬_per_two_years.md
epyc-intel-dedicated-servers-la-nyc-miami-1-gbps-unmetered-on-all,256,$99,"210026_Get_Daily_Deals_on_Ryzen,_Epyc_&_Intel_Dedicated_Servers__LA._NYC._Miami__1_Gbps_Unmetered_on_ALL.md"
Epyc 4545P,256,$19,"212734_[Dedicated_Servers]_Starting_at_$19mo_-_Instant_Setup_-_Ryzen,_Intel_and_MORE!.md"
EPYC KVM,256,$119,210718_10Gbps_RyzenEPYC_KVM_VPS__Up_to_66%_OFF!__GIVEAWAY!_+_Halloween_Sale_+_DOUBLE_BANDWIDTH.md
Ryzen 9,256,$70,210110_F_I_B_E_R_S_T_A_T_E_â€“_N_Y_C_â€“_L_A_U_N_C_H_â€“_DOUBLE_ALL_THE_THINGS._9950X_MADNESS_+_GIVEAWAYS.md
Epyc 9754,256,$29,207880_BudgetVM_-_Giveaway_(Free_Epyc_9754)__E3's_$29__10G_Scalable's_$139__Ryzen_$99.md
epyc-ryzen-singapore-hong-kong-tokyo-los-angeles,256,$99,"209027_$99_EPYCRyzen_Singapore,_Hong_Kong,_Tokyo,_Los_Angeles.md"
EPYC 4545P,256,$99,208176_New_AMD_EPYC_4545P_Starting_at_$99mo__Daily_Deals_-_Buy_today_and_Save_Every_Single_Month!.md
EPYC KVM,256,Unknown,"211920_AlphaVPS_Black_Friday_2025_Mega_Thread_â€”_Ryzen_9950X,_EPYC_KVM,_Cheap_VPS,_Bare_Metal,_Double_BW.md"
Xeon Gold 6138,256,$140.00,209058_10Gbps_Unmetered_USA_Dedicated_Servers.md
EPYC Dedicated,256,$149,211261_Ryzen_&_EPYC_Dedicated_Servers_â€”_10Gbps.md
EPYC Milan,256,$59.95,213822_Tier.net__Intel_Server_Deals_-_Best_Value_Dedicated_Hosting.md
EPYC powerhouses,256,$99,210000_GorillaServers_Spices_Things_Up_-_The_Fall_Server_Event_Begins_+_Free_Stuff.md
EPYC 7443P,256,$40,"211531_NEW_EPYC_7443P_with_10G_Fiber_Dedi_available!!_Colos,_Dedis_and_Storage_at_Microtronix_DC_(Ohio).md"
EPYC KVM,256,$7,210284_10Gbps_RyzenEPYC_KVM_VPS__From_$7yr__Up_to_50%_OFF__Flash_SALE_&_GIVEAWAY!_&_DOUBLE_BW.md
EPYC Milan,256,$89,"208132_Ryzen_5950X,_9950X,_Intel_2697v3,_2699v3,_dedis_from_$89mo__Colocation_2nd_month_free__USA.md"
Ryzen Giveaway,256,$35,206635_Dart_Day_2025_Event_Thread__Deals__Ryzen_Giveaway.md
epyc-99-month-save-on-daily-deals-dedicated-servers-in-ny-la-miami,256,$99,"207737_BRAND_NEW_16_CORE_EPYC_$99month__Save_on_Daily_Deals_Dedicated_Servers_In_NY,_LA_&_Miami.md"
epyc-storage-servers-more-extra-discounts-with-metal,256,$99,"209151_Labor_Day_Sale_Ryzen,_Threadripper,_Epyc,_Storage_Servers_&_More!__Extra_Discounts_with_Metal+.md"
Xeon Gold 6138,256,$99,208141_BIG_LAUNCH_MLNL.HOST_ðŸ‡¨ðŸ‡­_Swiss_Dedicated_Servers__Fully_Customizable__From_$99.md
Xeon Gold 6138,256,$200.00,208382_10Gbps_USA_Dedicated_Server_Starting_150$Mo_-_Host_Mayo_Ltd..md
EPYC 7443P,256,$99.99,208354_Limited-Time_Server_Deal_Los_Angeles_and_Singapore.md
EPYC VPS,256,$10,211358_11.11_Specials!_â€¢_RyzenEPYC_VPS__10Gbps__66%_OFF__15x_GIVEAWAYS_+_DOUBLE_BW.md
epyc-ryzen-deal-singapore-hong-kong-tokyo-los-angeles,256,$99.99,"210171_EPYCRyzen_Deal_Singapore,_Hong_Kong,_Tokyo,_Los_Angeles.md"
Ryzen 9,256,$99,209090_ColoCrossing's_Labor_Day_Sale_-_Dedicated_Servers_from_$99year!!_VPS_with_2x_Bandwidth_&_Storage!!.md
epyc-from-12-yr-double-bandwidth,256,$12,207631_Premium_KVM_VPS__Up_to_10_Gbps__Pure_NVMe__RyzenEPYC__From_$12yr_â€“_DOUBLE_BANDWIDTH.md
EPYC deal,256,$99.99,212679_EPYC_deal_for_Singapore_and_Los_Angeles.md
EPYC Rome,256,Unknown,211330_AlphaVPS_11.11_Specials_-_Back_After_Nearly_a_Year!.md
Epyc 4545P,256,$19,213896_$19mo_Dedicated_Servers__Upgrade_to_2Gbps_at_Checkout_for_$20mo_Ends_31_Jan.md
Epyc 4545P,256,$9,"210919_[Dedicated_Servers]_from_$9mo__AMD_Epyc_4545P_AMD_Ryzen_Core_i9_10900K,_Xeon_and_MORE!.md"
Ryzen Deals,256,$45,213953_Dedispec_$45_Dual_E5_Specials_and_Cheap_Ryzen_Deals.md
Ryzen 9,256,$70,205298_F_I_B_E_R_S_T_A_T_E_-_L_A_-_O_V_E_R_L_O_A_D_-_DOUBLE_ALL_THE_THINGS._9950X_MADNESS_+_GIVEAWAYS.md
EPYC NVMe,256,$600,210627_GREENCLOUD__12th_Anniversary_Sale__Double_the_Deals__Thousands_of_Giveaways.md
Epyc 4545P,256,$99,"210485_Get_25%_Off_Hardware_Upgrades,_Free_Additional_IPv4_&_10_Gbps_Port_with_Metal+_Membership.md"
EPYC Rome,250,$68,200011_GREENCLOUD__BLACK_FRIDAY_&_CYBER_MONDAY_SALE__UP_TO_90%_OFF__GIVEAWAYS.md
EPYC 9754,240,â‚¬ 30,212173_[NL]_Black_Friday__HiPerf_Storage_VPS_25Gbps__Ryzen_9950X_NVMe_VPS_15Gbps__WebReseller_hosting.md
EPYC processor,200,$6.00,200745_HostSailor_-_12.12_Mega_Deal_Get_Your_KVM_VPS_NVMe_at_90%_Recurring_Discount_â€“_Forever!.md
epyc-25tb-bandwidth-10gbit,200,$25.85,202576_Leaseweb__Singapore_Vps_AMD_EPYC_&_25TB_Bandwidth_10Gbit.md
EPYC,192,$99.50,212180_DartNode_Black_Friday_Edition_2025_-_Ryzen_9950X_Dedicated_Giveaway_-_Deals_Inside_-_We_Go_to_Space.md
Ryzen 9900X,192,$15.95,212394_SIZZLING_HOT_SMARTHOST_-_CYBER_WEEK_SALE_-_Ryzen_9900X_Blowout_-_Giveaways!.md
Xeon Gold 5115,192,$59.70,211947_BLACK_FRIDAY_-10G_FULL_UNMETERED__-_1st_Month_Half_Price_PLUS_40%_off_for_lifetime_-_from_$59.70.md
Xeon Gold 5115,192,$39.80,209780_10G_FULL_UNMETERED__-_80%_off_month_1_PLUS_30%_off_for_lifetime_-_from_$39.80.md
EPYC 9274,192,$8.50,211342_TierNet__New_VPS_Level_Released_-_Featuring_Threadripper_&_EPYC_9274+_Servers!_Inc._25GigE.md
Ryzens,192,$99,207240_GorillaServers_Explosive_JULY_4TH_Event_â€“_Bare_Metal_Deals_+_Free_Gear!.md
EPYC Milan,192,$69,207215_Sparked_Host__July_4th_Server_Sale__Ryzen_Servers_from_$69mo__2-Month_Free_Server_Giveaway.md
Xeon Gold 5115,192,$59.70,208731_10G_FULL_UNMETERED__-_3_Months_50%_off_PLUS_up-to_extra_40%_off_for_lifetime_-_from_$59.70.md
Xeon Gold 5115,192,$39.80,"210569_10G_FULL_UNMETERED,_ITS_BACK!_80%_off_month_1_PLUS_30%_off_for_lifetime_-_from_$39.80.md"
Ryzen 9,192,$11.99,210275_ColoCrossing's_Special_Offers_-_VPS_Offers_from_just_$11.99year_+_Dedicated_Servers_from_$25month!.md
Ryzen 7900,192,Unknown,213606_RTX_4060_(or_similar)+Ryzen_7900_AIO_Tower_Server_(Taking_pre-orders)_-_HostCram_LLC.md
Ryzen 5,192,$1000,212422_$1000_Giveaway__Sparked_Host__Cyber_Monday_Sale_-_50%_OFF_VPS_PLANS_-_15%_OFF_DEDICATED_SERVERS.md
Ryzen 9,192,$1.97,211721_ColoCrossing's_Black_Friday_Sale!_VPS_from_$1.97mo__Dedicated_Servers_from_$147.96yr__+_MORE.md
EPYC 7301,160,$3,206617_KVM_VPS_(EUUSA)_â€“_Free_Upgrades_â€¢_IPv4_+_64_IPv6_â€¢_VirtFusion_â€¢_Instant_Setup.md
EPYC Milan,160,$11.16,202182_Onidel__Singapore_&_Sydney__AMD_EPYC_Milan__NVMe_Block_Storage__50%_OFF.md
EPYC 7301,160,$3,208086_KVM_VPS_(EUUSA)_â€“_Free_Upgrades_â€¢_IPv4_+_64_IPv6_â€¢_VirtFusion_â€¢_Instant_Setup.md
EPYC Milan,128,$188,209698_Tier.net__Unbeatable_Savings_on_Ryzen_3950X7950X5950X9950X.md
Ryzen Dedicated,128,Unknown,207946_Ryzen_Dedicated_Server_Deal_starting_at_80â‚¬_located_in_Frankfurt_am_Main.md
ryzen-vps,128,$50.96,209507_DartNode_End_of_Summer_Update__6x_Dedicated_Server_Giveaway__Dart-A-Thon_Savings.md
Ryzens,128,$104,212020_1GServers.com__Black_Friday_2025_Dedicated_Server__Huge_Savings_On_E5_&_Ryzens!.md
ryzen-xeon-dedicated-servers-starting-at-85-located-in-frankfurt-germany,128,Unknown,"209004_SALE_Ryzen__Xeon_Dedicated_Servers_starting_at_85â‚¬_located_in_Frankfurt,_Germany.md"
EPYC 4C,128,Unknown,"194754_heartbeat_IT__NL__RYZEN_4C8GiB200GiB_8,99_â‚¬m__AMD_EPYC_4C16GiB200GiB_8,99â‚¬m_VPS__2.5_GBIT.md"
Xeon Gold 5115,128,$47.25,208165_10G_UNMETERED__-_2_Months_75%_off_PLUS_extra_25%_off_for_lifetime_-_from_$47.25.md
Ryzen 9,128,$3.67,210731_BalHost_-_Dedicated_Server_-_VPS_Server__NVMe_VPS_From_3.67$__7950X_DEDI__Turkey_Location.md
Ryzen 5700X,128,$137,209173_PoloCloud__5700X_Dedicated_Server_at_Hong_Kong_ONLY_~137USD.md
Ryzen 7,128,$100,212201_B_L_A_C_K_F_R_I_D_A_Y_S_A_L_E_-_FIBERSTATE_MEGA_SALE_+_STORAGE_SERVERS_+_GIVEAWAYS!!.md
ryzen-dual-e5-10g-deals-inside,128,$152.05,205761_1GServers.com_--_Pre-Summer_Power-Up_Dedicated_Server_Sale_Ryzen_&_Dual_E5_10g_Deals_Inside!.md
EPYC Milan,128,$50,210334_Tier.net__Ryzen_5950X_and_7950X_on_Sale_-_70_USD_Discount.md
Xeon Gold 5118,128,â‚¬125,213263_EOY_Offers_-_Dual_Xeon_Gold_+_10Gbps_Uplink_â€“_Instant_Deploy_â€“_Redswitches.md
Ryzen specials,128,$39,212456_Dedispec_Cyber_Monday_Deals_$39_Dual_E5_Deals__BYO_GPU_Deals__10%_Off_Colocation.md
EPYC Milan,128,$129,209126_Tier.net_SALE__Ryzen_5950X7950X9950X_-_from_$129mo.md
Ryzen 4,128,$20,207248_DartNode__4th_of_July_Inside__Dedicated_Server_Giveaway_for_a_Year!.md
Ryzen 3600,128,â‚¬34,210261_Gigahost_Autumn_Sale_is_here_-_Huge_discounts_on_dedicated_servers.md
EPYC-based,128,$5,"212134_servaRICA_Black_Friday_2025,_Dedicated_GPU,_Unlimited_Storage,_loads_of_resources_for_VDS_and_more.md"
EPYC 7571,128,$49.90,214037_George_Datacenter_Dedicated_Server_From_$49.90__Los_Angeles__Dallas.md
Xeon Gold 5118,128,â‚¬100,210906_Halloween_Special_10Gbps_Dual_Xeon__24â€“32_Cores__From_â‚¬100__RedSwitches.com.md
Ryzen 9900X,128,$10.40,"212262_CometVPS_Returns_to_LET_for_BF_2025_â€”_Blast_Off_With_Massive_Deals,_Flash_Sales,_Giveaways_&_More!.md"
Ryzen 5700G,128,Unknown,"210376_Ryzen_5700GX,_5950X,_7700X_Dedicated_Server_Deal_starting_at_80â‚¬_located_in_Frankfurt_am_Main.md"
Xeon Gold 5118,128,$199,208490_[NL]_Dual_Xeon_Gold_5118_â€¢_24C48T_â€¢_128GB_RAM_â€¢_10Gbps_â€¢_$199mo_â€¢_RedSwitches.md
Xeon Gold 6244,128,$150.00,208803_[Pre-Order]_Pakistan_-_DualSingle_Gold_6244_-_4.4Ghz_T_-_128G_Mem_-_1G_@_50TB_-_$150.00m.md
Ryzen 9,128,$3.67,213306_BalHost_-_Dedicated_Server_-_VPS_Server__NVMe_VPS_From_3.67$__7950X_DEDI__Turkey_Location.md
Ryzen 7950X3D,128,$139.88,208569_1GServers.com_--_Back_To_School_Dedicated_Server_Deals_[US-WEST].md
EPYC Milan,128,$119,213493_Tier.Net_-_5950X_and_7950X_-_Hurry!_Price_Hike_Coming_Soon!.md
EPYC NVMe,128,$5,210519_ReadyDedis_LLC_-_AMD_EPYC_NVMe_VPS_and_7950X_Dedicated_Servers_in_New_Jersey_&_Los_Angeles.md
Xeon Gold 5118,128,$150,"209226_RedSwitches_-_Amsterdam_Dedicated_Servers_â€“_Dual_Xeon,_10Gbps,_250TB_â€“_From_$150mo.md"
Ryzen 7,128,$45,210112_Dedispec_Fall_Sale_Dual_E5_starting_at_$45__Ryzen_7_64GB_RAM_$50.md
EPYC 4564,128,Â£199,209320_[UK]_AMD_EPYC_4564_Dedicated_Servers_from_Â£199mo.md
Ryzen 7950X3D,128,$104,212941_1GServers.com__Christmas_2025_Dedicated_Server_Deals__US-WEST.md
EPYC 4564,128,Â£199,210565_[UK]_AMD_EPYC_4564_Dedicated_Servers_from_Â£199mo.md
Ryzen 7950X3D,128,$53.84,206887_1GServers.com_-_Summer_Kickoff_Dedicated_Server_Sale_-_Deals_start_at_$53.84mo!.md
Xeon Gold 5115,128,$49.50,206280_Giveaway_-_Plus_New_10G25G_Servers_&_Low_End_Range.md
Ryzen 5950x,128,$99.99,"210401_Dallas,_TX_DEDICATED__Ryzen_5950x__Ryzen_5900x__Ryzen_3950x__Ryzen_3900x__I9-10900k__I7-7700k.md"
EPYC Processor,128,â‚¬4,212205_ServerBear_Black_Friday_Deals_Bonanza_Â AMD_Turin_CPU__Unmetered_NVMe_VPS_from_â‚¬4mo_in_NL.md
Xeon Gold 5115,128,$56.70,207381_10G_UNMETERED__-_6_Months_Half_Price_PLUS_extra_40%_off_for_lifetime_-_from_$56.70.md
EPYC Options,128,$3.75,211022_PureVoltage_Black_Friday_Deals!__GIVEAWAYS__Dedicated_Servers__8GB_VPS_Starting_from_$3.75m.md
epyc-ryzen-unbeatable-storage-servers,128,$1,"204478_GorillaServers_-_High-Performance_AMD_EPYC,_Ryzen,_&_Unbeatable_Storage_Servers.md"
EPYC Promotions,128,$99,212511_BudgetVM_-_Christmas_Giveaway_(Free_Server!)__Ryzenâ€™s_$99__Scalable's_$139__EYPC's_$199.md
Xeon Platinum 8173M,100,â‚¬2.13,214191_XeniaHosting.com__High_Performance__IT_&_NL__VPS_up_to_25G_(IT).md
Ryzen 7950X,100,$15,193886_linveo.com_-_AMD_Ryzen_7950X_KVM_VPS_with_NVMe_disk_from_$15year_-_Now_with_10gbit_in_Texas!.md
Ryzen 7950X,100,$6.00,"206436_Layer.ae__US,UK,SG!__AMD_Ryzen_7950X__DDR5_RAM__NVMe__10Gbit.md"
Xeon Gold 6138,100,$149.99,209000_YxVM.com_â€”_10_Gbps_HKG_dedicated_with_BGP_and_anti-DDoS!_Secret_deal_inside!.md
Ryzen 9,100,$15,208703_AMD_Ryzen_9_NVME_VPS_from_$15yr__1C2G30G15T__Game_DDoS_Protection__Romania__Affiliate.md
Ryzen 9950X,100,$14.99,"210564_Layer.ae__Eygelshoven,NL!__AMD_Ryzen_9950X__DDR5_RAM__NVMe__10Gbit.md"
Xeon Gold 6138,100,$149.99,210451_YxVM.com_â€”_10_Gbps_HKGTYO_dedicated_with_BGP_and_anti-DDoS!_Secret_deal_inside!.md
Ryzen 9,100,$10.50,212190_[-30%]_Colocation__AMD_Ryzen_9_VPS_from_$10.50yr__DDoS_Protection__Romania__Affiliate.md
EPYC VPS,99,Â£2.50,202569_[UK]_-_AMD_EPYC_VPS_â€“_Just_Â£2.50Month_-_IPv4_&_IPv6_-_DDOS_Protected_-_Double_BW!.md
Epyc KVM,98,$50,201471_IncogNET_-_5_Gbps_Epyc_KVM_Servers_in_4_Great_Locations_-_Feature_packed_Shared_Hosting_-_Win_$50!.md
EPYC 4344P,96,$99,197801_InterServer_-_EPYC_4344P_Dedicated_Deal.md
EPYC 7542,96,$200,211968_RackGenius_BFCM_2025__25%_off_LIFE_+_OVER_$200_IN_GIVEAWAYS_+_$17yr_VPS.md
Ryzen 5,96,â‚¬49,"213460_Dedicated_Server_Stock_Sale_from_49_â‚¬__M__Nuremberg,_Germany___DDoS_Protection__Instant_Delivery.md"
Xeon Gold 5115,96,$87.00,213451_10G_FULL_UNMETERED__-_3_Months_Half_Price!_-_from_$87.00.md
EPYC -,96,$89,"207677_server.net_-_Dedicated_Servers_NL_Amsterdam,_AMD_Ryzen,_AMD_EPYC_-_New_Location_is_Live!.md"
EPYC 7F52,93,Â£7.00,213967_[UK]_AMD_EYPC_-_100TB_Bandwidth_-_Free_Upgrades.md
EPYC VPS,80,$47.52,208160_[Onidel]_60%_OFF_SINGAPORE_EPYC_VPS__GIVE_AWAYS.md
EPYC VPS,80,â‚¬7,208373_DeluxHost.net__NEW_Xeon_GoldEPYC_VPS__High_Stability__Start_from_â‚¬7yr_!__PRE-ORDER__NL.md
EPYC-,80,$8.98,210986_HostSailor_-_Halloween_NVMe_KVM_Sale_-_AMD_EPYC-_BIG_40%_OFF_-_LET_Exclusive.md
Epyc 7551P,80,â‚¬ 4.99,"207119_[SERVERS.GURU]_50%_OFF_recurring_!_AMD_Epyc_7551P_in_Montreal,_CA__unmetered_From_2.50â‚¬month!.md"
Ryzen KVM,80,$5,211952_ST-Hosting_-_Black_Week_2025_-_Xeon_and_Ryzen_KVM_Servers_located_in_Frankfurt.md
EPYC NVMe,80,â‚¬7,207915_DeluxHost.net__1st_Anniversary__AMD_EPYC_NVMe_VPS__From_â‚¬7yr__Instant_Delivery__Frankfurt.md
Xeon Gold 6122,80,â‚¬7,207430_DeluxHost.net__New_L_Series_VPS__Lightning_NVMe__Starting_â‚¬7yr__[PRE-ORDER]__NL.md
EPYC Servers,64,$39,208638_Today's_Deal_Ends_Tonight_Recurring_Monthly_Discounts_on_Daily_Deals_Dedicated_Servers_from_$39mo.md
Ryzen 8700G,64,$84.99,"206831_PebbleHost__Ryzen_8700G_$84.99__Ryzen_5,_7_&_9000__FREE_BGP__Instant_Setup__3,700_Reviews_4.7â˜….md"
Ryzen 9950X,64,â‚¬4.93,211093_[Double_Time]_Ryzen_9950X_â€¢_10Gbps_â€¢_Frankfurt_â€¢_5_x_10â‚¬_GIVEAWAY.md
Ryzen 7,64,$49,213957_Dallas_&_Chicago_Dedicated_Server_Deals_-_Swiftnode_LLC.md
Xeon Gold 6152s,64,$2,209772_DELL_C6400_2U_4-Node_BEAST!_hardware_sale!.md
Ryzen 7,64,â‚¬79,214154_Hetzner_Increases_Setup_Fees_â€”_Order_on_SpaceCore_at_the_Old_Price_While_You_Can!.md
EPYC 7742,64,$80,209266_30x_NVIDIA_8x_A100_SXM4_Supermicro_4124GO-NART+.md
Ryzen 5,64,$20,"208809_PebbleHost__E3v2_$20__4790k_$35__5700X_$70__FREE_BGP__UK_Dedicated_Hosting__3,700_Reviews_4.7â˜….md"
Ryzen Dedicated,64,$1.65,210232_Crazy_Deals_6_Global_Locations_SharedReseller_Hosting_$1.65m__$29.95m_Ryzen_Dedicated_Servers!.md
Ryzen 9,64,â‚¬20,203943_Alexhost.com_-_Has_launched_GPU_Dedicated_Servers_-_2x_RTX_4070_Ti_SUPER__1Gbps.md
EPYC,60,â‚¬6,213146_ðŸŽ„_Christmas_Eve_Speed_Deal_+_New_year_GIVEAWAY__US_&_NL__CloudBlast.md
EPYC Milan,60,$5,198266_[Sydney__Singapore]_Welcome_offers_from_Onidel.com_-_Double_your_bandwidth!.md
Ryzen 9,45,â‚¬4,210869__VPS_from_â‚¬4.8mo_â€“_Pay_with_Crypto__Hetzner_&_Contabo_ALSO_AVAILABLE_IN_CRYPTO!.md
Ryzen 7950x,40,$9.99,208716_Hostaddon.com_VPS__EUUSAASIA__1021_Gbps__SSD_NVMe__Upto_50%_Off__Storage__DMCA_Ignore.md
Xeon Gold CPUs,40,â‚¬2.50,209822_London_VPS_+_VDS_Offers_(Ireland_Geolocation).md
EPYC 7551P,40,â‚¬ 4.99,207704_[SERVERS.GURU]_We're_4_years_old_!_50%_recurring_on_ALL_VPS_LOCATIONS!.md
Epyc 7551P,40,â‚¬ 4.99,213435_[SERVERS.GURU]_Happy_new_year!_50%_recurring_on_Epyc_7551P!.md
EPYC Milan,40,$5,199286_Onidel_Cloud_-_25%_RECHARGE_BONUS__Hourly_billing__High-performance_VPS_across_APAC_(SGSYDVN).md
Ryzen 7950x,40,$9.99,204821_Hostaddon.com_VPS__EUUSAASIA__1021_Gbps__SSD_NVMe__Upto_50%_Off__Storage__DMCA_Ignore.md
Ryzen 7950x,40,$9.99,207932_Hostaddon.com_VPS__EUUSAASIA__1021_Gbps__SSD_NVMe__Upto_50%_Off__Storage__DMCA_Ignore.md
epyc-ryzen-9-xeon-starting-3-49-mo-limited-stock,32,Unknown,205572_24fire_goes_LET_â€“_Our_First_Offer_EPYC__RYZEN-9__XEON_starting_@3.49â‚¬mo_â€“_Limited_Stock!.md
Xeon Gold 6122,32,â‚¬2.50,209779_[al.uy]_Build-Your-Own_VPS_â€“_1â€“16_vCores__0.5â€“32GB_RAM_â€“_â‚¬2.50mo.md
EPYC,32,$20,208596_Independence_Day_Sale_-_VPS_&_Dedicated_-_INSGJPUSCAUKNLDE_-_From_$20year.md
epyc-10gbit-from-24-year,32,$24,"209847_VPS_&_Dedicated_-_IndiaSGJPUSACAUKNLDE_-_AMD_EPYC,_10Gbit_From_$24year.md"
Ryzen 9,32,$45,208770_H4Y_BYOS-Deflated_Price-Six_Locations-247365-Live_Chat_Support.md
Ryzen 5,32,â‚¬ 60,208083_Ryzen_5__offer.md
RYZEN 9950X,32,$3.00,205649_â˜…_NohaVPS__VPS_FROM_$3.00__2_GB_RAM_-_40_GB_NVMe__DEDICATED_FROM_$30.00__1_Gbps__10_Gbps_â˜….md
EPYC,32,$12,"207733_Flash_Sale_-_VPS_&_Dedicated_-_IndiaSGJPUSACAUKNLDE_-_25TB_BW,_10Gbit_From_$12.md"
Xeon Gold 6122,32,â‚¬2.50,211255_(Updated)_[al.uy]_Build-Your-Own_VPS_â€“_1â€“16_vCores__0.5â€“32GB_RAM_â€“_â‚¬2.50mo.md
Ryzen 7900,32,$4.87,191899_UK_Ryzen_7900_VPS_â˜…_From_$4.87month_â˜…_Double_CPUBandwidthStorage_Deal!_â˜…_Giveaway!.md
Ryzen NVMe,32,$19,213670_Budget_Dedicated_Servers_&_Ryzen_NVMe_VPS_(Chicago).md
EPYC Milan,32,$68,212077_GreenCloud_BFCM_2025_FLASH_SALES_Return!_AMD_Genoa_NVMe__UTAH_Live_+_Giveaways!.md
epyc-ryzen-basically-dedicated-in-us-ca-eu-colo-anycast-more,32,$3,207939_SYSADMIN_DAY_AMD_EPYC__RYZEN__Basically_Dedicated_in_US_&_CA_&_EU__COLO__ANYCAST_&_MORE.md
Ryzen 9950x,32,$5.00,209598_â˜…_NohaVPS__FROM_$5.00__4_GB_RAM__Ryzen_9950x_-_USA__10_Gbps_â˜….md
EPYC DDR5,32,$3.50,209508_50%_AMD_EPYC_DDR5_VPS's_FOR_LIFE!_STARTING_AT_$3.50MONTH!.md
EPYC 7F52,32,Â£3.00,213604_{UK}_VPS_&_Dedicated_Offers_-_Win_Prize_-_Free_Upgrades.md
RYZEN 9950X,32,$3.00,211601_â˜…_Ozonti_Network__Black_Friday__VPS_KVM_FROM_$3.00__Hosting_$12.00_yr_â˜….md
Xeon Gold 6248,32,Â£10,"209055_VPS_Offers_UKNLCalifornia_â€“_UK_10Gbps,_FREE_Bonuses,_IPv4+IPv6,_Backups+Snapshots_â€“_from_Â£10year!.md"
epyc-xeon,32,$9,209851_Advin_Servers_-_$9_for_8_vCPU32GB_RAM128GB_NVMe_in_Kansas_City_(Older_EPYCXeon).md
EPYC HIGH,32,$45,209300_H4Y_BYOS-AMD_Ryzen_9-EPYC_HIGH_CORE-Six_Locations-247365-Live_Chat_Support-Crypto_Available.md
Ryzen -,30,Â£6,207584_Â£6Year_California_KVM_VPS__FREE_Triple_RAM_Bonus!_Crazy_Dedicated_Server_Offer_inside!.md
Ryzen 7950x,30,$9.99,209993_Hostaddon.com_VPS__EUUSAASIA__1021_Gbps__SSD_NVMe__Upto_50%_Off__Storage__DMCA_Ignore.md
EPYC 7C13,30,$7,210312_$7Year_VPS__CaliforniaNL_KVM_VPS__IPv4IPv6__FREE_Triple_RAM_+_Disk_Bonus!__FREE_CREDIT!.md
EPYC 7C13,30,Â£30,211182_Black_Friday__CACANNL_KVM_VPS__Backups__IPv4IPv6___FREE_Triple_RAM_+_Disk_Bonus__FREE_Credit.md
Ryzen 7950x,30,$9.99,213069_Hostaddon.com_VPS__EUUSAASIA__1021_Gbps__SSD_NVMe__Upto_50%_Off__Storage__DMCA_Ignore.md
EPYC 7C13,30,$7,210729_$7Year_VPS__CACANNL_KVM_VPS__IPv4IPv6__FREE_Triple_RAM_+_Disk_Bonus!__FREE_CREDIT!.md
Ryzen 7950x,30,$9.99,212061_Hostaddon.com_VPS__Black_Friday_Sale__1021_Gbps__SSD_NVMe__Storage__DMCA_Ignore.md
EPYC KVM,26,â‚¬4.99,203173_2025_SALE_AMD_EPYC_KVM_Servers_from_â‚¬4.99mo_â€“_Limited_Stock!.md
EPYC SALE,26,â‚¬6.49,210160_AMD_EPYC_SALE_â€“_Fall_2025_KVM_VPS_in_Frankfurt_from_â‚¬6.49mo.md
EPYC 9754,24,Unknown,"207722_â˜…_FameSystems.de__SUMMER-SALE_2025__AMD_EPYC_97549654_KVM_Server__DDR5_RAM__30,00â‚¬_Annually_â˜….md"
Ryzen Series,24,â‚¬12.50,"210880_HALLOWEEN_SALE__10â‚¬YEAR_VPS__AMD_RYZEN,_INTEL_XEON,_STORAGE_VPS_-_[Netherlands].md"
EPYC Turin,24,Unknown,209823_NEW_AMD_EPYC_Turin_(5th_Gen)_&_Server_Outlet__24fire.md
ryzen-hybrid-deals-stocking-stuffers,24,$2.99,213116_TNAHosting_Christmas_Sale_â€“_Ryzen_&_Hybrid_Deals_+_Stocking_Stuffers.md
EPYC Turin,24,â‚¬3.90,212228_Black_Friday_EPYC_Turin_VPS__Top-up_Bonus__from_3.90_EUR.md
EPYC VPS,20,â‚¬8,"210928_[Frankfurt]_Informaten.com_â€“_EPYC_VPS_â€“_6C__20GB_RAM__200GB_NVMe_â€“_â‚¬8,50mo_(Ceph-backed).md"
EPYC 7443P,20,â‚¬7.14,213323_ðŸŽ†_New_Year_Specials_2026_â€“_KVM_NVMe_VPS_(EUDE)_Fair_Use_Traffic_â€“_3_Backups.md
epyc-10gbit-from-22-year,16,$22,"212615_Last_Chance!_-_IndiaSGJPUSACAUKNLDE_-_4_vCore_AMD_EPYC,_10Gbit_From_$22year.md"
Ryzen NVMe,16,$2.55,210929_[HALLOWEEN_SALE]_TNAHosting_â€”_Scary-Fast_VPS_from_$2.55mo.md
Xeon Platinum VPS,16,â‚¬7,209382_DeluxHost.net__NEW_Xeon_Platinum_VPS__Solid_Performance__INSTANT_DELIVERY__From_ONLY_â‚¬7yr__NED.md
Ryzen 5000,16,â‚¬0.09,211384_Pulsed_Media_M10G_RAID5_HDD_&_Storage_Boxes_â€”_Singles'_Day_11.11_Special!_ðŸ¥³.md
Xeon Gold VPS,16,â‚¬7,208871_DeluxHost.net__Xeon_Gold_VPS_â€“_NEW_RAM_Monster_Plan_16GB!__Starting_â‚¬7yr__PRE-ORDER__NED.md
Epyc nodes,16,â‚¬195.00,213731_[USEUAPAC]_Snowpiercer_Sale__New_AMD_Epyc_nodes__75%_OFF_VPS__Proxy_deals.md
EPYC 7C13,16,$1,213161_Alice_Networks_Christmas_&_New_Year_Cloud_Promotion_+_Tokyo_Region_Launch.md
Epyc from,16,Unknown,"213869_[EU]_5th_Gen_AMD_Epyc_from_2,24â‚¬__GPUs_available_now_from_67,21â‚¬.md"
Ryzen 9950X,16,â‚¬4,213455_DeluxHost.net__NEW_Y_Series_from_â‚¬4year_+_W_Series_Ryzen_9950X_VPS__NVMe__NED.md
Xeon Gold,16,$11.95,210440_From_$11.95year__Amsterdam__USA_West_Coast__China_Optimized_Network__Taiwan__10Gbps.md
epyc-vps-budget-and-11-11-flash-sale-promo,16,$29.90,"211327_OrangeVPS_-_2025_Autumn_Sales_with_AMD_EPYC,_VPS_Budget_and_11-11_Flash_Sale_Promo!.md"
Xeon Platinum 8173M,16,â‚¬7,209869_DeluxHost.net__New_I_Series_VPS__Ultra_Low_Latency__From_â‚¬7yr_[PRE-ORDER]__NED.md
EPYC VPS,16,â‚¬7.99,207848_AMD_EPYC_VPS_from_â‚¬7.99_â€“_(4c16GB100GB_NVMe)_@_Informaten.md
Xeon Gold 6122,16,Unknown,207271_[Summer_Sale]__VPS_9.99â‚¬yr__24.99â‚¬yr_3vCPU6GB100GB_NVME__Xeon_Gold.md
EPYC Turin,16,â‚¬2,204684_HostBrr__Two_year_anniversary_deals__AMD_EPYC_Turin_+_Block_Storage__Flash_deals_!.md
Epyc Milan,16,$6,188692_DATAWAGON__NEW_AMD_Epyc_Milan_VPS__8GB_RAM_@_$6__RAID10_NVMe__FREE_Windows_Server__FREE_Backups.md
EPYC 7742,16,$55,209416_â†’_Hostodo_Deals_-_FREE_Double_BW_-_8G_100G_NVMe_$55yr__3.5G_$30yr_-_Detroit_Vegas_Tampa.md
EPYC,16,$3,208482_Kuroit__KVM_VPS_Sale__SG_&_USA_Locations__10Gbps_&_more!.md
EPYC 7C13,16,â‚¬6.50,208792_ph24_MilanGenoa_Frankfurt_VPS_offer_starting_@_6.50_â‚¬m.md
EPYC VPS,16,$19.99,212168_Mega_BF_Deals_Hosting_â€¢_EPYC_VPS_â€¢_Dedicated_Servers_+_Freebies!.md
EPYC Power,16,$6,"207593_Hostodo_LET_Exclusive_â€“_8GB4C_NVMe_for_$6_â€“_16GB6C_for_$10_â€“_EPYC_Power,_Instant_Deploy.md"
EPYC TURIN,16,â‚¬15.47,"203927_[Launch]_EPYC_TURIN_VPS_from_3,29â‚¬__XEON_VPS_16GB_RAM_8,99â‚¬__Hosted_in_Germany.md"
EPYC KVM,16,â‚¬3.25,"214092_[USEUAPAC]_AMD_EPYC_KVM_â€”_8GB_RAM_â‚¬3.25mo,_4GB_â‚¬2.22mo__80%_OFF_Recurring__11_Global_Locations.md"
EPYC vCores,16,$2.35,"203197_Nuyek_1-Year_Anniversary_-_Highland,_IL.md"
EPYC Milan,16,$8,208435_Advin_Servers_-_$8_for_8_vCPU16GB_RAM128GB_NVMe_in_Kansas_City_(AMD_EPYC_Milan).md
Ryzen 7700,16,$30,201650_HostCram_LLC_-_The_Best_Ryzen_7700_&_7900_KVM_Deals_Restocked!.md
Ryzen 5,16,Unknown,212807_Ava.hosting_-_New_AMD_Ryzen_5_Dedicated_Servers__Moldova__1Gbps.md
Ryzen 9,16,â‚¬4,"214004_DeluxHost.net__LAST_CHANCE__Ryzen_9_VPS_(WM)_+_New_N_Offer_+_Storage_VPS__From_â‚¬4yr_and_1,49â‚¬m.md"
Xeon Gold,16,$14.95,206870_SoftShellWeb_Summer_Sale_2025!.md
EPYC CPUs,16,â‚¬11.80,207513_Summer_Just_Got_Hotter_New_VPS_Location_+_Bonuses_+_Upgrades!_Up_to_75%_Off_VPS__on_Summer_Sale.md
Xeon Platinum 8173M,16,â‚¬7,"210253_DeluxHost.net__J_Series_VPS_Launch,_Unbeatable_Value__From_â‚¬7yr__PRE-ORDER__AMS.md"
EPYC TURIN,16,â‚¬50.00,212908_[New_location]_Bremen__AMD_EPYC_TURIN__DDR5__NVMe.md
Ryzen 7700,16,$30,210691_HostCram_LLC_-_2025_Black_Friday_Deals_with_Massive_10_Gbps_Bandwidth!_(Instant_Ready-stock).md
Ryzen 7000,16,$10,199845_HostCram_LLC_-_Black_FridayCyber_Monday_2024_Deals__Photos_of_Our_Future_Office_&_Ryzen_7000_Nodes.md
Xeon Platinum 8173M,16,â‚¬4,210649_DeluxHost.net__K_Series_VPS_Launch__From_ONLY_â‚¬4yr!!__Free_BGP_Session__INSTANT_DELIVERY__AMS.md
Ryzen 9950X,16,$12.95,213035_From_$12.95year__Amsterdam__USA__Taiwan__China_Optimized__10_Gbps__Ryzen_9950X_&_NVMe.md
EPYC VPS,16,â‚¬4.99,212186_Black_Friday_EPYC_VPS_from_â‚¬4.99_â€“_Frankfurt__+30%_Top-Up_Bonus__LIMITED.md
Ryzen dedicated,16,$10.00,201827_DartNode__January_Annual_Dedicated_Server_Giveaway__News__2024_Appreciation_Deals.md
RYZEN 7000,16,$6.99,208944_100GBPS_BIG_BANDWIDTH_OFFERS_&_BASICALLY_DEDICATED_&_MORE_@_TERABIT.IO.md
Ryzen 7950X,16,$25,"211640_TRENDING_NOW_RackNerdâ€™s_BLACK_FRIDAY!_NEW_DEALS,_NEW_LOCATIONS,_NEW_HARDWARE_+_100â€™s_of_GIVEAWAYS!.md"
EPYC Milan,16,â‚¬5.45,"208894_6_Cores_-_16GB_RAM_-_5,45â‚¬_Non-EU6.49â‚¬_EU_AMD_EPYC_Milan_7763_Hosted_in_Germany.md"
